Activity Type,Date,Favorite,Title,Distance,Calories,Time,Avg HR,Max HR,Aerobic TE,Avg Run Cadence,Max Run Cadence,Avg Pace,Best Pace,Total Ascent,Total Descent,Avg Stride Length,Avg Vertical Ratio,Avg Vertical Oscillation,Avg Ground Contact Time,Avg GCT Balance,Avg GAP,Avg Run Cadence,Max Run Cadence,Normalized Power® (NP®),Training Stress Score®,Max Avg Power (20 min),Avg Power,Max Power,Total Strokes,Avg. Swolf,Avg Stroke Rate,Steps,Total Reps,Total Sets,Body Battery Drain,Min Temp,Decompression,Best Lap Time,Number of Laps,Max Temp,Avg Resp,Min Resp,Max Resp,Moving Time,Elapsed Time,Min Elevation,Max Elevation
Multisport,2026-06-07 09:39:46,false,"Ryzon Bonn Triathlon 2026","83,63","2.563","04:27:50","--","179","5,0","--","--","18,7","--","922","857","--","--","--","--","--","--","--","--","--","0,0","--","--","--","--","--","--","--","--","--","No","--:--:--","5","--","--","--","--","--:--:--","04:27:50","-7","292"
Walking,2026-06-06 16:09:45,false,"Bonn Walking","8,48","548","02:03:07","90","141","0,7","86","154","14:31","3:40","73","68","0,83","--","--","--","--","--","--","--","--","0,0","--","--","--","--","--","--","11.592","-6","--","No","00:10:49","9","--","--","--","--","01:37:30","03:54:23","43","69"
Running,2026-06-06 09:10:29,false,"Diemen Running","6,01","394","00:31:45","147","179","3,2","167","181","5:17","3:38","16","11","1,13","8,4","9,5","264","--","5:18","--","--","320","0,0","--","315","451","--","--","--","5.278","-7","--","No","00:00:03,6","7","--","--","--","--","00:31:43","00:31:45","-6","6"
Cycling,2026-06-05 12:07:54,false,"Diemen Cycling","9,60","292","00:37:34","119","146","2,0","--","--","15,3","25,2","38","35","--","--","--","--","--","--","--","--","--","0,0","--","--","--","--","--","--","--","-6","--","No","00:16:59","2","--","--","--","--","00:32:37","00:37:34","-5","8"
Running,2026-06-04 18:08:10,false,"Diemen Running","5,23","343","00:27:41","147","173","3,1","167","176","5:18","3:48","24","29","1,13","8,4","9,5","264","--","5:18","--","--","315","0,0","--","312","489","--","--","--","4.614","-5","--","No","00:01:12,5","6","--","--","--","--","00:27:39","00:27:41","-3","7"
Virtual Cycling,2026-06-04 13:06:41,false,"Zwift - Terrain Toner","13,73","194","00:30:09","115","136","1,7","--","--","27,3","48,3","79","--","--","--","--","--","--","--","81","127","118","0,0","122","112","284","--","--","--","--","--","--","No","00:02:00","11","--","--","--","--","00:30:04","00:30:08","2","38"
Virtual Cycling,2026-06-03 21:28:28,false,"Zwift - Pre-Race","15,18","226","00:40:58","106","137","1,6","--","--","22,2","60,2","173","--","--","--","--","--","--","--","74","162","109","0,0","113","96","271","--","--","--","--","--","--","No","00:00:57","19","--","--","--","--","00:40:53","00:40:57","1","40"
Open Water Swimming,2026-06-03 11:23:32,false,"Diemen Open Water Swimming","790","193","00:16:48","143","158","2,4","--","--","2:08","1:39","--","--","--","--","--","--","--","--","--","--","--","0,0","--","--","--","406","45","23","--","-3","21,0","No","00:03:49,6","4","29,0","--","--","--","00:16:46","00:16:48","--","--"
Running,2026-06-02 13:33:36,false,"Diemen Running","5,02","336","00:27:17","150","160","3,0","167","177","5:26","4:18","12","8","1,10","8,6","9,7","280","49,7% L / 50,3% R","5:28","--","--","318","0,0","--","317","445","--","--","--","4.522","--","--","-6","--","No","00:00:05,0","6","--","37","24","43","00:27:13","00:28:25","-2","5"
Road Cycling,2026-06-01 20:49:36,false,"Diemen Road Cycling","22,77","436","00:52:52","117","137","2,2","--","--","25,8","35,8","50","50","--","--","--","--","--","--","82","110","122","29,3","123","115","511","4285","--","--","--","--","--","--","18,0","No","00:06:55,0","5","25,0","27","17","33","00:52:48","00:53:06","-3","9"
Open Water Swimming,2026-06-01 12:51:04,false,"Diemen Open Water Swimming","716","153","00:18:57","121","141","1,2","--","--","2:39","1:36","--","--","--","--","--","--","--","--","--","--","--","0,0","--","--","--","429","55","22","--","--","--","-3","23,0","No","00:02:55,9","4","27,0","--","--","--","00:18:46","00:18:57","--","--"
Running,2026-05-31 11:22:51,false,"Diemen Running","7,21","492","00:35:19","168","183","4,2","167","220","4:54","3:26","19","19","1,25","7,6","9,4","267","50,1% L / 49,9% R","4:46","--","--","359","0,0","--","349","531","--","--","--","5.818","--","--","-11","--","No","00:01:00,6","8","--","40","17","48","00:35:10","00:35:38","-3","5"
Open Water Swimming,2026-05-30 17:48:57,false,"Diemen Open Water Swimming","2.516","573","01:10:29","131","149","2,3","--","--","2:48","1:42","--","--","--","--","--","--","--","--","--","--","--","0,0","--","--","--","1546","57","22","--","--","--","-10","23,0","No","00:00:50,9","6","31,0","--","--","--","01:08:54","01:12:20","--","--"
Running,2026-05-29 12:55:18,false,"Diemen Running","10,02","681","00:53:34","159","177","3,9","165","177","5:21","4:27","24","27","1,13","8,3","9,6","282","50,2% L / 49,8% R","5:22","--","--","315","0,0","--","314","401","--","--","--","8.812","--","--","-10","--","No","00:00:06,5","11","--","39","27","50","00:53:32","00:53:34","-5","4"
Road Cycling,2026-05-28 19:16:40,false,"Diemen Road Cycling","51,12","1.039","01:45:35","137","158","3,3","--","--","29,1","41,6","66","70","--","--","--","--","--","--","84","119","150","89,4","153","142","519","8837","--","--","--","--","--","--","20,0","No","00:02:20,0","11","25,0","32","20","40","01:45:29","01:45:53","-3","10"
Running,2026-05-27 18:50:36,false,"Diemen Running","12,03","776","00:58:40","160","177","4,4","168","180","4:53","3:43","32","30","1,22","7,5","9,3","277","50,1% L / 49,9% R","4:53","--","--","350","0,0","--","344","503","--","--","--","9.790","--","--","-11","--","No","00:00:08,0","13","--","39","23","53","00:58:37","00:58:40","-4","8"
Open Water Swimming,2026-05-26 18:31:22,false,"Diemen Open Water Swimming","1.827","431","00:52:54","130","153","2,2","--","--","2:54","1:36","--","--","--","--","--","--","--","--","--","--","--","0,0","--","--","--","1188","60","22","--","--","--","-6","25,0","No","00:11:03","4","32,0","--","--","--","00:52:16","00:53:48","--","--"
Open Water Swimming,2026-05-25 16:49:52,false,"Diemen Open Water Swimming","1.701","357","00:46:10","125","143","2,0","--","--","2:43","1:38","--","--","--","--","--","--","--","--","--","--","--","0,0","--","--","--","1065","56","23","--","--","--","-6","24,0","No","00:05:26,2","4","33,0","--","--","--","00:45:11","00:54:52","--","--"
Road Cycling,2026-05-24 08:45:41,false,"Diemen Road Cycling","51,07","1.123","01:46:35","141","159","3,7","--","--","28,8","39,3","96","100","--","--","--","--","--","--","89","129","162","105,2","168","153","617","9404","--","--","--","--","--","--","18,0","No","00:02:26,8","11","27,0","33","15","42","01:46:30","01:46:44","-3","11"
Running,2026-05-23 19:46:17,false,"Diemen Running","5,02","360","00:32:40","149","176","2,9","128","180","6:31","4:02","43","29","1,16","8,2","9,3","261","--","6:32","--","--","289","0,0","--","237","432","--","--","--","3.182","--","--","-5","--","No","00:00:06,3","6","--","--","--","--","00:26:21","00:39:47","-5","14"
Running,2026-05-23 15:49:52,false,"Diemen Running","10,01","702","00:56:15","158","171","3,7","165","171","5:37","4:52","28","31","1,08","8,7","9,6","281","49,3% L / 50,7% R","5:37","--","--","306","0,0","--","304","404","--","--","--","9.200","--","--","-10","--","No","00:00:03,5","11","--","37","23","44","00:56:12","00:56:15","-6","4"
Pool Swim,2026-05-22 13:42:50,false,"Pool Swim","3.350","547","01:14:07","118","145","1,9","--","--","2:07","0:28","--","--","--","--","--","--","--","--","--","--","--","0,0","--","--","--","1599","87","23","--","--","--","--","--","No","01:14:07","1","--","--","--","--","01:10:55","01:14:53","--","--"
Cycling,2026-05-21 15:06:58,false,"Diemen Cycling","12,59","327","00:46:30","115","140","1,0","--","--","16,2","28,7","66","48","--","--","--","--","--","--","--","--","--","0,0","--","--","--","--","--","--","--","--","--","-8","--","No","00:10:19","3","--","--","--","--","00:42:43","02:52:06","-5","16"
Running,2026-05-21 10:06:52,false,"Diemen Running","15,03","984","01:12:57","164","180","5,0","170","180","4:51","3:59","34","35","1,21","7,6","9,4","270","50,3% L / 49,7% R","4:52","--","--","351","0,0","--","346","459","--","--","--","12.352","--","--","-21","--","No","00:00:08,0","16","--","40","19","53","01:12:54","01:12:57","-5","5"
Pool Swim,2026-05-18 13:11:26,false,"Pool Swim","2.750","559","01:10:03","128","145","2,3","--","--","2:29","2:03","--","--","--","--","--","--","--","--","--","--","--","0,0","--","--","--","1445","50","21","--","--","--","--","--","No","00:06:14,5","2","--","--","--","--","01:08:05","01:11:24","--","--"
Running,2026-05-17 11:44:49,false,"Amsterdam Running","6,93","439","00:34:53","157","181","3,5","168","182","5:02","3:37","20","25","1,18","8,0","9,7","274","50,4% L / 49,6% R","5:02","--","--","348","0,0","--","342","494","--","--","--","5.824","--","--","-8","--","No","00:03:54,1","7","--","38","32","46","00:34:51","00:34:53","-4","7"
Running,2026-05-16 16:43:53,false,"Diemen Running","13,01","857","01:07:29","158","169","4,2","167","175","5:11","4:19","30","29","1,15","7,8","9,3","283","49,4% L / 50,6% R","5:12","--","--","326","0,0","--","323","433","--","--","--","11.240","--","--","-12","--","No","00:00:04,0","14","--","37","28","44","01:07:26","01:07:29","-7","9"
Road Cycling,2026-05-15 09:51:35,false,"Diemen Road Cycling","42,62","896","01:34:50","142","161","3,3","--","--","27,0","37,6","99","102","--","--","--","--","--","--","85","158","145","74,9","156","135","575","7927","--","--","--","--","--","--","7,0","No","00:06:12,2","9","14,0","32","16","40","01:34:40","01:37:03","-4","12"
Running,2026-05-14 17:56:43,false,"Diemen Running - RIP pinheirinho","10,01","671","00:50:39","165","179","4,3","166","179","5:04","4:27","25","23","1,19","7,8","9,5","273","51,5% L / 48,5% R","5:04","--","--","330","0,0","--","328","436","--","--","--","8.376","--","--","-10","--","No","00:00:04,1","11","--","39","27","46","00:50:35","00:52:04","-3","6"
Walking,2026-05-13 19:27:46,false,"Diemen Walking","1,35","87","00:18:10","100","148","0,3","95","128","13:30","9:01","1","8","0,79","--","--","--","--","--","--","--","--","0,0","--","--","--","--","--","--","1.824","--","--","--","--","No","00:06:24,8","2","--","26","21","35","00:15:11","00:18:10","-2","5"
Running,2026-05-13 18:10:02,false,"Diemen Running","15,02","990","01:15:58","159","180","4,6","168","176","5:03","3:28","31","23","1,18","7,9","9,5","277","50,7% L / 49,3% R","5:04","--","--","336","0,0","--","334","540","--","--","--","12.652","--","--","-13","--","No","00:00:05,4","16","--","39","20","46","01:15:55","01:15:58","-3","7"
Walking,2026-05-09 16:37:25,false,"Diemen Walking","7,46","476","02:10:35","80","114","0,4","24","171","17:29","2:27","38","27","5,95","--","--","--","--","--","--","--","--","0,0","--","--","--","--","--","--","6.594","--","--","-9","--","No","00:06:53,9","8","--","--","--","--","01:39:05","03:40:28","-6","8"
Running,2026-05-09 13:07:36,false,"Diemen Running","15,02","998","01:14:42","164","174","5,0","167","179","4:58","3:25","49","44","1,20","7,8","9,7","272","51,3% L / 48,7% R","4:59","--","--","339","0,0","--","337","545","--","--","--","12.418","--","--","-16","--","No","00:00:05,4","16","--","40","21","47","01:14:39","01:14:42","-6","6"
Road Cycling,2026-05-08 15:51:01,false,"Diemen Road Cycling","41,36","917","01:28:08","141","155","3,4","--","--","28,2","38,4","71","72","--","--","--","--","--","--","88","131","158","83,1","162","151","502","7646","--","--","--","--","--","--","16,0","No","00:03:01,8","9","20,0","33","18","41","01:28:03","01:29:18","-3","10"
Pool Swim,2026-05-07 20:41:59,false,"Pool Swim","2.050","445","00:48:27","137","157","2,8","--","--","2:12","0:54","--","--","--","--","--","--","--","--","--","--","--","0,0","--","--","--","1005","45","22","--","--","--","--","--","No","00:48:27","1","--","--","--","--","00:44:57","00:49:01","--","--"
Running,2026-05-07 12:09:15,false,"Diemen Running","10,21","674","00:51:24","160","172","4,1","167","177","5:02","4:12","20","22","1,19","7,7","9,4","278","50,4% L / 49,6% R","5:03","--","--","330","0,0","--","329","412","--","--","--","8.552","--","--","-12","--","No","00:00:58,5","11","--","38","16","45","00:51:22","00:51:24","-4","4"
Road Cycling,2026-05-06 10:30:49,false,"Diemen Road Cycling","50,73","1.154","01:46:47","152","165","4,0","--","--","28,5","39,2","108","110","--","--","--","--","--","--","90","132","164","108,1","170","158","653","9528","--","--","--","--","--","--","14,0","No","00:01:36,9","11","16,0","35","15","44","01:46:36","01:48:35","-5","11"
Running,2026-05-03 08:31:21,false,"Stramilano 2026 - w/ Maurice and Ingmar O/","21,32","1.402","01:36:52","174","186","5,0","170","196","4:33","3:45","43","38","1,29","7,7","9,9","246","--","4:33","--","--","360","0,0","--","359","464","--","--","--","16.462","--","--","-30","--","No","00:01:16,5","22","--","--","--","--","01:36:47","01:36:52","118","136"
Road Cycling,2026-05-01 15:18:46,false,"Diemen Road Cycling","41,07","862","01:33:54","135","155","3,1","--","--","26,2","36,6","86","85","--","--","--","--","--","--","85","125","139","68,6","150","130","559","7843","--","--","--","--","--","--","24,0","No","00:02:41,2","9","31,0","30","16","43","01:33:44","01:41:51","-4","9"
Pool Swim,2026-04-30 21:01:07,false,"Pool Swim","2.100","452","00:46:02","136","177","2,5","--","--","2:12","0:50","--","--","--","--","--","--","--","--","--","--","--","0,0","--","--","--","1005","45","22","--","--","--","--","--","No","00:46:02","1","--","--","--","--","00:46:02","00:47:56","--","--"
Running,2026-04-29 20:19:11,false,"Diemen Running","10,07","657","00:49:22","161","173","4,2","167","185","4:54","3:12","31","27","1,22","7,4","9,3","282","50,7% L / 49,3% R","4:55","--","--","354","0,0","--","350","537","--","--","--","8.204","--","--","-8","--","No","00:00:24,1","11","--","39","33","48","00:49:20","00:49:22","-5","6"
Road Cycling,2026-04-29 12:28:04,false,"Diemen Road Cycling","42,10","1.007","01:28:33","156","165","3,8","--","--","28,5","42,2","95","97","--","--","--","--","--","--","84","125","175","114,2","175","167","649","7342","--","--","--","--","--","--","19,0","No","00:04:05,2","9","22,0","35","25","41","01:28:24","01:29:05","-4","10"
Road Cycling,2026-04-27 16:18:08,false,"Diemen Road Cycling","47,45","1.075","01:43:41","145","173","3,5","--","--","27,5","41,2","73","76","--","--","--","--","--","--","81","99","162","115,3","169","150","534","8245","--","--","--","--","--","--","13,0","No","00:05:31,0","10","20,0","32","19","43","01:43:35","01:45:10","-3","10"
Walking,2026-04-26 16:11:30,false,"Diemen Walking","2,85","172","00:42:22","79","113","0,3","37","139","14:52","5:55","21","26","2,05","--","--","--","--","--","--","--","--","0,0","--","--","--","--","--","--","3.190","--","--","-11","--","No","00:12:30","3","--","--","--","--","00:34:32","03:41:35","-7","14"
Pool Swim,2026-04-26 12:01:32,false,"Pool Swim","2.150","451","00:50:02","132","163","2,5","--","--","2:18","0:58","--","--","--","--","--","--","--","--","--","--","--","0,0","--","--","--","1102","47","22","--","--","--","--","--","No","00:50:02","1","--","--","--","--","00:49:31","00:50:57","--","--"
Walking,2026-04-24 18:26:00,false,"Diemen Walking","7,19","363","01:40:12","65","88","0,3","23","165","13:56","2:36","23","18","6,28","--","--","--","--","--","--","--","--","0,0","--","--","--","--","--","--","8.062","--","--","-3","--","No","00:02:55,6","8","--","--","--","--","01:33:02","01:40:12","-4","8"
Running,2026-04-24 15:08:02,false,"Diemen Running 💊🚚","10,04","665","00:49:15","160","176","3,9","168","178","4:54","4:02","39","19","1,22","7,5","9,4","281","50,0% L / 50,0% R","4:54","--","--","356","0,0","--","355","459","--","--","--","8.198","--","--","-8","--","No","00:00:10,9","11","--","38","17","46","00:49:12","00:56:02","-8","12"
Road Cycling,2026-04-24 10:11:54,false,"Amsterdam Road Cycling","41,32","832","01:46:33","--","--","2,0","--","--","23,3","37,2","101","106","--","--","--","--","--","--","74","103","128","73,8","153","107","444","7582","--","--","--","--","--","--","11,0","No","00:02:54,7","9","16,0","--","--","--","01:46:17","01:51:59","-4","10"
Running,2026-04-23 12:29:26,false,"Diemen Running","3,04","198","00:15:00","159","169","2,8","169","185","4:56","3:30","12","6","1,20","7,9","9,7","265","50,2% L / 49,8% R","4:56","--","--","348","0,0","--","346","536","--","--","--","2.526","--","--","-4","--","No","00:00:12,5","4","--","37","19","43","00:14:59","00:15:00","-5","3"
Pool Swim,2026-04-23 11:28:28,false,"Pool Swim","1.325","309","00:30:33","139","159","2,7","--","--","2:13","1:59","--","--","--","--","--","--","--","--","--","--","--","0,0","--","--","--","638","45","22","--","--","--","--","--","No","00:30:33","1","--","--","--","--","00:29:17","00:32:06","--","--"
Road Cycling,2026-04-21 11:39:37,false,"Diemen Road Cycling","41,03","998","01:26:17","150","163","4,0","--","--","28,5","50,0","86","85","--","--","--","--","--","--","83","114","177","114,8","185","170","604","7103","--","--","--","--","--","--","13,0","No","00:02:00,4","9","21,0","34","15","42","01:26:08","01:37:48","-4","10"
Running,2026-04-19 12:24:44,false,"Amsterdam Running","1,13","75","00:05:44,6","160","179","2,0","133","238","5:06","3:53","8","4","1,23","11,6","14,4","253","58,0% L / 42,0% R","5:02","--","--","333","0,0","--","321","893","--","--","--","694","--","--","--","--","No","00:00:42,1","2","--","20","20","20","00:05:43,4","00:05:44,6","-4","3"
Running,2026-04-19 10:31:21,false,"Amsterdam Running","15,11","943","01:08:11","167","186","5,0","171","211","4:31","2:37","61","58","1,29","7,2","9,5","260","49,4% L / 50,6% R","4:31","--","--","374","0,0","--","372","657","--","--","--","11.608","--","--","-17","--","No","00:00:18,3","16","--","40","23","49","01:08:09","01:08:11","-8","12"
Walking,2026-04-18 18:04:41,false,"Diemen Walking","3,84","240","01:13:36","72","111","0,2","9","167","19:11","6:59","13","9","7,22","--","--","--","--","--","--","--","--","0,0","--","--","--","--","--","--","3.186","--","--","-4","--","No","00:15:32","4","--","--","--","--","00:54:47","01:20:22","-3","6"
Running,2026-04-18 16:02:19,false,"Diemen Running","7,12","482","00:37:38","159","169","3,7","167","175","5:17","4:38","20","14","1,13","8,0","9,3","283","50,1% L / 49,9% R","5:16","--","--","326","0,0","--","324","420","--","--","--","6.248","--","--","-8","--","No","00:00:36,5","8","--","37","20","44","00:37:35","00:37:38","-6","6"
Walking,2026-04-16 22:04:47,false,"Reims Walking","2,38","134","00:28:46","89","100","0,4","106","126","12:05","7:25","1","25","0,78","--","--","--","--","--","--","--","--","0,0","--","--","--","--","--","--","3.174","--","--","-1","--","No","00:04:40,0","3","--","--","--","--","00:28:00","00:28:46","82","108"
Running,2026-04-16 16:10:52,false,"Reims Running","13,05","871","01:04:30","167","178","5,0","166","237","4:57","4:20","27","25","1,22","7,9","9,8","268","51,0% L / 49,0% R","4:57","--","--","339","0,0","--","338","549","--","--","--","10.652","--","--","-13","--","No","00:00:15,4","14","--","39","20","46","01:04:27","01:04:30","78","90"
Running,2026-04-13 18:45:42,false,"Diemen Running","10,09","663","00:52:29","157","171","4,0","166","179","5:12","4:16","29","23","1,16","7,9","9,4","285","49,7% L / 50,3% R","5:13","--","--","318","0,0","--","317","415","--","--","--","8.650","--","--","-10","--","No","00:00:25,9","11","--","38","29","44","00:52:26","00:52:53","-9","4"
Walking,2026-04-12 17:55:05,false,"Diemen Walking","3,53","202","01:02:02","69","100","0,3","17","188","17:35","3:53","6","10","3,69","--","--","--","--","--","--","--","--","0,0","--","--","--","--","--","--","3.134","--","--","-4","--","No","00:09:01,5","4","--","--","--","--","00:48:51","01:25:53","-2","4"
Road Cycling,2026-04-11 14:03:41,false,"Diemen Road Cycling","80,66","1.832","02:55:28","144","166","4,4","--","--","27,6","41,1","178","326","--","--","--","--","--","--","84","137","160","189,4","168","151","638","14637","--","--","--","--","--","--","16,0","No","00:01:46,2","17","22,0","32","18","45","02:55:07","03:02:08","-5","142"
Pool Swim,2026-04-11 10:33:35,false,"Pool Swim","1.550","326","00:37:14","138","161","2,9","--","--","2:15","1:41","--","--","--","--","--","--","--","--","--","--","--","0,0","--","--","--","773","46","22","--","--","--","--","--","No","00:37:14","1","--","--","--","--","00:34:58","00:38:13","--","--"
Cycling,2026-04-10 09:44:55,false,"Diemen Cycling","6,75","171","00:49:41","83","118","0,3","--","--","8,1","24,9","20","17","--","--","--","--","--","--","--","--","--","0,0","--","--","--","--","--","--","--","--","--","-6","--","No","00:16:37","2","--","--","--","--","00:33:34","01:56:00","-7","12"
Virtual Cycling,2026-04-09 21:59:34,false,"Zwift - Aerobic Foundation Marathon","24,42","468","01:06:56","128","139","2,4","--","--","21,9","63,4","441","--","--","--","--","--","--","--","79","161","126","0,0","133","122","233","--","--","--","--","--","--","--","--","No","00:00:19","8","--","--","--","--","01:06:55","01:07:19","-6","374"
Walking,2026-04-09 18:20:49,false,"Diemen Walking","1,76","103","00:32:39","68","98","0,1","64","115","18:32","9:27","11","8","0,90","--","--","--","--","--","--","--","--","0,0","--","--","--","--","--","--","3.014","--","--","-2","--","No","00:13:08","2","--","--","--","--","00:28:22","00:32:39","82","91"
Virtual Cycling,2026-04-09 11:20:12,false,"Zwift - 40/20 s into FTP #1","28,80","450","00:55:22","138","160","2,9","--","--","31,2","51,5","142","--","--","--","--","--","--","--","73","121","152","0,0","158","141","367","--","--","--","--","--","--","--","--","No","00:00:20","31","--","--","--","--","00:55:21","00:55:21","2","15"
Running,2026-04-07 21:02:36,false,"Diemen Running","10,02","656","00:50:02","163","180","4,4","165","178","5:00","4:18","16","11","1,21","8,0","9,9","279","51,0% L / 49,0% R","5:00","--","--","341","0,0","--","339","405","--","--","--","8.230","--","--","-9","--","No","00:00:03,4","11","--","38","25","52","00:50:00","00:50:02","-4","5"
Virtual Cycling,2026-04-07 10:15:25,false,"Zwift - Aerobic Foundation Forge","35,22","685","01:35:49","131","148","2,7","--","--","22,1","55,4","525","--","--","--","--","--","--","--","97","123","126","0,0","130","124","246","--","--","--","--","--","--","--","--","No","00:05:01","6","--","--","--","--","01:35:48","01:35:48","2","283"
Running,2026-04-06 17:06:23,false,"Diemen Running","10,03","675","00:53:27","159","176","4,1","166","206","5:20","4:04","29","22","1,13","8,2","9,5","283","50,8% L / 49,2% R","5:20","--","--","315","0,0","--","313","442","--","--","--","8.800","--","--","-9","--","No","00:00:09,4","11","--","37","18","46","00:53:23","00:53:27","-6","6"
Virtual Cycling,2026-04-05 22:10:18,false,"Zwift - Anaerobic Hammer Session","20,17","335","00:45:14","126","164","2,6","--","--","26,7","63,7","224","--","--","--","--","--","--","--","80","160","155","0,0","150","129","393","--","--","--","--","--","--","--","--","No","00:00:13","13","--","--","--","--","00:45:09","00:45:13","1","58"
Virtual Cycling,2026-04-05 10:51:45,false,"Zwift - Aerobic Foundation Forge","43,05","629","01:30:25","125","142","2,6","--","--","28,6","51,3","277","--","--","--","--","--","--","--","88","155","122","0,0","127","121","246","--","--","--","--","--","--","--","--","No","00:00:24","6","--","--","--","--","01:30:21","01:30:24","0","100"
Cycling,2026-04-03 12:30:54,false,"Diemen Cycling","7,20","231","00:37:52","110","135","1,4","--","--","11,4","25,6","43","33","--","--","--","--","--","--","--","--","--","0,0","--","--","--","--","--","--","--","--","--","-3","--","No","00:17:46","2","--","--","--","--","00:26:28","00:37:52","-10","13"
Virtual Cycling,2026-04-03 10:41:31,false,"Zwift - Aerobic Foundation Marathon","35,22","610","01:24:38","--","--","--","--","--","25,0","66,1","378","--","--","--","--","--","--","--","85","160","129","0,0","131","125","272","--","--","--","--","--","--","--","--","No","00:02:37","9","--","--","--","--","01:24:34","01:24:37","4","65"
Running,2026-04-02 19:04:58,false,"Diemen Running","5,07","347","00:26:40","158","174","3,2","168","181","5:15","4:48","24","18","1,13","7,4","8,7","291","49,9% L / 50,1% R","5:15","--","--","332","0,0","--","328","506","--","--","--","4.454","--","--","-4","--","No","00:00:23,0","6","--","37","32","41","00:26:38","00:26:40","-9","7"
Running,2026-04-01 13:16:11,false,"Amsterdam Running","20,01","1.338","01:39:58","163","183","5,0","167","175","5:00","4:13","71","60","1,20","7,9","9,7","273","50,2% L / 49,8% R","5:00","--","--","344","0,0","--","343","461","--","--","--","16.554","--","--","-18","--","No","00:00:02,3","21","--","39","30","47","01:39:53","01:41:15","-4","14"
Running,2026-03-29 11:34:50,false,"Amsterdam Running","11,02","721","00:55:44","155","168","4,0","165","180","5:03","4:40","41","35","1,20","8,1","9,9","283","50,2% L / 49,8% R","5:03","--","--","349","0,0","--","347","469","--","--","--","9.160","--","--","-12","--","No","00:00:05,1","12","--","36","20","42","00:55:41","00:55:44","-6","10"
Running,2026-03-25 12:57:42,false,"Diemen Running","10,01","653","00:50:59","160","169","4,1","165","179","5:06","4:30","53","52","1,19","7,6","9,3","276","49,1% L / 50,9% R","5:06","--","--","330","0,0","--","327","440","--","--","--","8.350","--","--","-11","--","No","00:00:01,7","11","--","38","20","44","00:50:55","00:50:59","-4","6"
Running,2026-03-22 11:59:49,false,"Amsterdam Running","17,02","1.066","01:23:48","159","171","4,6","167","177","4:55","3:54","43","44","1,22","7,6","9,5","279","49,9% L / 50,1% R","4:56","--","--","338","0,0","--","337","444","--","--","--","13.904","--","--","-18","--","No","00:00:04,7","18","--","37","22","44","01:23:43","01:29:50","-3","10"
Running,2026-03-20 18:32:10,false,"Diemen Running","5,01","323","00:25:03","163","176","3,3","169","175","5:00","4:20","9","7","1,19","7,3","8,9","282","49,9% L / 50,1% R","4:59","--","--","330","0,0","--","327","431","--","--","--","4.214","--","--","-4","--","No","00:00:04,5","6","--","40","34","48","00:25:01","00:25:03","-4","4"
Road Cycling,2026-03-20 11:39:35,false,"Diemen Road Cycling","42,06","956","01:33:06","146","165","3,4","--","--","27,1","40,0","73","76","--","--","--","--","--","--","80","113","157","96,8","165","149","604","7421","--","--","--","--","--","--","12,0","No","00:04:23,9","9","15,0","32","24","41","01:32:57","01:34:36","-4","12"
Road Cycling,2026-03-19 15:11:51,false,"Diemen Road Cycling","40,14","937","01:25:59","150","162","3,8","--","--","28,0","41,8","70","68","--","--","--","--","--","--","78","116","167","101,7","181","159","651","6533","--","--","--","--","--","--","13,0","No","00:00:16,4","9","17,0","33","17","40","01:25:54","01:26:38","-5","9"
Running,2026-03-18 16:27:13,false,"Diemen Running","18,01","1.225","01:33:59","167","187","5,0","166","199","5:13","4:21","43","36","1,15","8,0","9,5","283","49,5% L / 50,5% R","5:13","--","--","330","0,0","--","327","452","--","--","--","15.548","--","--","-16","--","No","00:00:02,2","19","--","40","25","47","01:33:55","01:33:59","-10","6"
Road Cycling,2026-03-15 17:39:20,false,"Diemen Road Cycling","40,02","886","01:25:41","143","160","3,4","--","--","28,0","41,2","77","77","--","--","--","--","--","--","78","110","162","95,3","173","150","569","6501","--","--","--","--","--","--","7,0","No","00:00:03,4","9","18,0","33","25","40","01:25:34","01:26:49","-4","12"
Running,2026-03-14 17:12:50,false,"Diemen Running","11,71","784","01:00:31","163","177","4,4","165","216","5:10","4:06","33","25","1,17","8,1","9,7","285","50,0% L / 50,0% R","5:09","--","--","330","0,0","--","329","455","--","--","--","9.936","--","--","-12","--","No","00:03:30,8","12","--","40","33","51","01:00:27","01:01:09","-7","5"
Running,2026-03-12 19:03:02,false,"Diemen Running","10,10","685","00:54:10","161","175","4,1","164","178","5:22","4:48","75","71","1,14","8,1","9,4","296","49,6% L / 50,4% R","5:19","--","--","325","0,0","--","322","458","--","--","--","8.770","--","--","-10","--","No","00:00:32,2","11","--","37","14","42","00:54:07","00:54:10","-7","12"
Running,2026-03-10 18:38:07,false,"Diemen Running","10,02","681","00:51:53","168","184","4,2","164","191","5:11","3:07","19","16","1,17","7,7","9,2","290","50,3% L / 49,7% R","5:10","--","--","328","0,0","--","321","516","--","--","--","8.444","--","--","-11","--","No","00:00:07,7","11","--","38","17","48","00:51:51","00:51:53","-6","3"
Road Cycling,2026-03-09 15:32:49,false,"Amsterdam Road Cycling","32,17","609","01:22:34","120","168","2,6","--","--","23,4","42,6","64","68","--","--","--","--","--","--","67","116","135","63,2","146","100","765","5174","--","--","--","--","--","--","13,0","No","00:04:41,4","7","18,0","27","18","43","01:22:27","01:23:29","-4","12"
Running,2026-03-08 14:55:41,false,"Diemen Running","18,14","1.162","01:33:13","156","173","4,7","166","196","5:08","3:05","36","35","1,17","8,2","9,9","275","49,5% L / 50,5% R","5:08","--","--","332","0,0","--","330","522","--","--","--","15.356","--","--","-20","--","No","00:00:44,7","19","--","36","17","43","01:33:08","01:33:18","-4","9"
Road Cycling,2026-03-06 16:30:38,false,"Diemen Road Cycling","36,04","118","01:18:08","150","167","3,7","--","--","27,7","40,2","57","62","--","--","--","--","--","--","82","121","17","0,9","3","2","330","6081","--","--","--","--","--","--","14,0","No","00:02:09,3","8","19,0","33","15","39","01:17:57","01:20:18","-4","10"
Running,2026-03-06 11:21:37,false,"Diemen Running","8,01","545","00:42:49","164","178","3,9","164","170","5:21","4:38","21","18","1,14","7,8","9,2","285","49,5% L / 50,5% R","5:22","--","--","308","0,0","--","306","421","--","--","--","6.916","--","--","-10","--","No","00:00:02,1","9","--","38","15","47","00:42:45","00:43:02","-7","5"
Virtual Cycling,2026-03-04 20:35:42,false,"Zwift - Workout 3: Alpecin-Premier Tech Team Camp","40,42","659","01:30:09","134","160","3,3","--","--","26,9","58,3","347","--","--","--","--","--","--","--","93","135","137","0,0","145","127","314","--","--","--","--","--","--","--","--","No","00:00:08","10","--","--","--","--","01:30:03","01:30:08","279","317"
Running,2026-03-03 16:09:23,false,"Diemen Running","8,00","531","00:41:08","161","169","3,9","166","184","5:08","4:28","22","17","1,17","7,7","9,3","287","50,4% L / 49,6% R","5:09","--","--","328","0,0","--","326","414","--","--","--","6.754","--","--","-8","--","No","00:00:01,7","9","--","39","21","47","00:41:06","00:41:08","-5","5"
Virtual Cycling,2026-03-02 21:55:17,false,"Zwift - Endurance Building Blocks on Royal Pump Room 8 in Yorkshire","24,63","476","01:07:21","130","152","3,0","--","--","21,9","79,9","456","--","--","--","--","--","--","--","79","162","131","0,0","143","123","241","--","--","--","--","--","--","--","--","No","00:00:20","26","--","--","--","--","01:07:20","01:07:20","97","183"
Walking,2026-03-01 15:33:25,false,"Diemen Walking","4,85","310","01:23:22","85","118","0,4","25","218","17:12","4:13","30","34","5,99","--","--","--","--","--","--","--","--","0,0","--","--","--","--","--","--","7.060","--","--","-4","--","No","00:14:12","5","--","--","--","--","01:06:45","01:56:25","-7","5"
Running,2026-03-01 12:01:05,false,"Diemen Running","16,01","1.013","01:17:19","167","186","5,0","170","192","4:50","3:04","81","76","1,22","7,2","8,9","275","49,9% L / 50,1% R","4:49","--","--","359","0,0","--","348","529","--","--","--","12.952","--","--","-23","--","No","00:00:03,0","17","--","40","15","51","01:17:15","01:18:08","-4","10"
Running,2026-02-25 12:30:18,false,"Diemen Running","13,01","895","01:08:28","170","180","5,0","166","180","5:16","4:29","22","21","1,15","7,5","8,8","288","49,2% L / 50,8% R","5:16","--","--","314","0,0","--","312","408","--","--","--","11.234","--","--","-17","--","No","00:00:05,6","14","--","38","18","44","01:08:26","01:08:28","-5","4"
Virtual Cycling,2026-02-22 20:30:21,false,"Zwift - Aerobic Foundation Marathon on Classique in London","41,90","603","01:24:00","132","146","3,1","--","--","29,9","42,6","198","--","--","--","--","--","--","--","80","162","128","0,0","134","125","245","--","--","--","--","--","--","--","--","No","00:01:59","9","--","--","--","--","01:23:55","01:23:59","12","26"
Running,2026-02-21 13:36:54,false,"Diemen Running","5,03","340","00:25:31","171","184","3,6","169","177","5:04","4:23","22","12","1,17","8,2","9,6","258","--","5:03","--","--","334","0,0","--","332","433","--","--","--","4.284","--","--","-6","--","No","00:00:10,4","6","--","--","--","--","00:25:29","00:25:31","-8","6"
Virtual Cycling,2026-02-21 11:38:53,false,"Zwift - 2015 on 2015 Worlds Course in Richmond","38,23","629","01:26:33","135","166","3,3","--","--","26,5","65,1","337","--","--","--","--","--","--","--","74","154","139","0,0","150","126","463","--","--","--","--","--","--","--","--","No","00:00:32","18","--","--","--","--","01:26:32","01:26:32","4","65"
Running,2026-02-19 12:34:51,false,"Diemen Running","12,10","810","01:02:56","165","178","4,6","168","185","5:12","3:53","69","62","1,15","7,2","8,5","285","49,3% L / 50,7% R","5:12","--","--","326","0,0","--","321","527","--","--","--","10.420","--","--","-14","--","No","00:00:23,9","13","--","39","15","49","01:02:54","01:02:56","-8","8"
Running,2026-02-15 12:17:55,false,"DiemenCross 2026","7,54","485","00:36:05","169","182","4,4","170","187","4:47","3:52","27","25","1,23","6,5","8,3","276","49,8% L / 50,3% R","4:46","--","--","351","0,0","--","344","492","--","--","--","6.032","--","--","-11","--","No","00:02:41,3","8","--","42","18","50","00:36:03","00:36:05","-5","6"
Running,2026-02-13 18:15:30,false,"Diemen Running","6,43","413","00:32:38","162","172","3,7","168","180","5:05","4:13","22","21","1,17","7,3","8,8","287","50,0% L / 50,0% R","5:04","--","--","324","0,0","--","321","458","--","--","--","5.408","--","--","-12","--","No","00:02:03,9","7","--","38","13","43","00:32:36","00:32:38","-5","4"
Running,2026-02-11 13:34:23,false,"Diemen Running","10,03","661","00:50:25","167","180","4,7","169","195","5:02","2:58","22","16","1,18","7,5","9,1","279","50,2% L / 49,8% R","5:01","--","--","330","0,0","--","328","529","--","--","--","8.418","--","--","-10","--","No","00:00:09,8","11","--","40","18","46","00:50:22","00:50:25","-8","3"
Running,2026-02-08 12:46:02,false,"Diemen Running","11,54","763","00:59:12","164","192","5,0","166","179","5:08","3:25","38","30","1,17","8,3","9,7","261","--","5:07","--","--","331","0,0","--","327","489","--","--","--","9.820","--","--","-15","--","No","00:02:28,2","12","--","--","--","--","00:59:05","00:59:45","-8","11"
Walking,2026-02-07 11:38:03,false,"Diemen Walking","7,40","575","03:17:27","79","111","0,2","26","187","26:43","6:21","27","32","4,07","--","--","--","--","--","--","--","--","0,0","--","--","--","--","--","--","9.120","--","--","-10","--","No","00:10:02","8","--","--","--","--","01:46:37","03:17:27","-4","8"
Running,2026-02-06 14:27:16,false,"Diemen Running","10,01","691","00:51:37","171","182","5,0","167","181","5:09","4:25","28","21","1,16","7,6","9,1","287","49,6% L / 50,4% R","5:09","--","--","338","0,0","--","333","476","--","--","--","8.502","--","--","-11","--","No","00:00:02,3","11","--","40","19","46","00:51:34","00:51:37","-8","3"
Running,2026-02-04 15:46:38,false,"Diemen Running","5,01","336","00:26:18","171","180","3,7","167","178","5:15","4:31","23","9","1,14","7,6","8,9","291","49,5% L / 50,5% R","5:13","--","--","325","0,0","--","318","462","--","--","--","4.356","--","--","-6","--","No","00:00:04,5","6","--","38","21","45","00:26:17","00:26:18","-9","8"
Virtual Cycling,2026-02-04 14:12:13,false,"Zwift - 2x20 FTP Intervals on Queen s Highway in Yorkshire","27,87","492","01:00:48","148","172","3,6","--","--","27,5","57,8","374","--","--","--","--","--","--","--","76","162","151","0,0","170","141","321","--","--","--","--","--","--","--","--","No","00:05:00","5","--","--","--","--","01:00:43","01:00:56","103","133"
Running,2026-02-03 13:46:06,false,"Diemen Running","7,03","441","00:35:59","159","181","4,1","167","185","5:07","3:19","35","31","1,17","7,3","8,8","288","50,1% L / 49,9% R","5:05","--","--","332","0,0","--","324","553","--","--","--","5.938","--","--","-9","--","No","00:00:11,6","8","--","39","19","45","00:35:56","00:36:55","-8","4"
Walking,2026-02-02 12:43:10,false,"Diemen Walking w/ fam","7,18","448","02:18:10","79","114","0,5","59","154","19:15","5:47","42","42","2,52","--","--","--","--","--","--","--","--","0,0","--","--","--","--","--","--","9.798","--","--","-8","--","No","00:04:07,3","8","--","--","--","--","01:35:22","02:40:55","-6","7"
Running,2026-01-31 16:41:42,false,"Diemen Running","12,02","807","01:03:27","163","177","5,0","164","183","5:17","4:09","29","24","1,15","7,6","9,0","288","49,8% L / 50,2% R","5:16","--","--","316","0,0","--","311","430","--","--","--","10.260","--","--","-15","--","No","00:00:05,2","13","--","38","18","45","01:03:24","01:03:27","-6","7"
Virtual Cycling,2026-01-29 22:33:08,false,"Zwift - 2x15 FTP Intervals on Roule Ma Poule in France","20,21","361","00:43:43","--","--","--","--","--","27,7","58,5","154","--","--","--","--","--","--","--","74","86","153","0,0","164","143","307","--","--","--","--","--","--","--","--","No","00:08:42","4","--","--","--","--","00:43:42","00:43:42","10","121"
Running,2026-01-28 15:34:05,false,"Diemen Running","8,08","537","00:41:48","165","173","4,6","167","177","5:10","4:42","26","21","1,15","7,3","8,7","287","50,0% L / 50,0% R","5:10","--","--","317","0,0","--","314","474","--","--","--","6.922","--","--","-10","--","No","00:00:23,8","9","--","39","32","45","00:41:46","00:41:48","-8","5"
Running,2026-01-26 13:36:48,false,"Diemen Running","7,50","507","00:39:06","166","177","4,4","166","177","5:13","4:25","22","17","1,15","7,7","9,2","286","49,5% L / 50,5% R","5:13","--","--","317","0,0","--","315","414","--","--","--","6.444","--","--","-9","--","No","00:02:31,4","8","--","39","32","48","00:39:03","00:39:06","-6","7"
Virtual Cycling,2026-01-20 16:53:34,false,"Zwift - Pushing and Pulling on Avon Flyer in New York","34,86","536","01:19:21","128","159","3,2","--","--","26,4","46,1","250","--","--","--","--","--","--","--","70","145","134","0,0","140","118","302","--","--","--","--","--","--","--","--","No","00:00:21","12","--","--","--","--","01:19:20","01:19:20","60","83"
Running,2026-01-17 12:15:16,false,"Diemen Running","10,23","664","00:49:45","164","184","5,0","169","187","4:52","3:29","35","30","1,21","7,6","9,5","268","50,3% L / 49,7% R","4:52","--","--","348","0,0","--","345","510","--","--","--","8.324","--","--","-16","--","No","00:00:58,7","11","--","39","18","45","00:49:42","00:49:45","-7","6"
Running,2026-01-14 16:24:00,false,"Diemen Running","8,12","547","00:41:55","161","174","4,4","168","178","5:10","4:45","27","12","1,15","7,8","9,2","277","49,5% L / 50,5% R","5:09","--","--","326","0,0","--","323","446","--","--","--","6.938","--","--","-12","--","No","00:00:37,2","9","--","38","15","44","00:41:53","00:41:55","-14","8"
Virtual Cycling,2026-01-09 17:07:20,false,"Zwift - 40/20 s into FTP #1 on Chain Chomper in Makuri Islands","20,24","433","00:55:06","149","170","3,3","--","--","22,0","55,3","341","--","--","--","--","--","--","--","79","99","149","0,0","155","137","389","--","--","--","--","--","--","--","--","No","00:00:09","31","--","--","--","--","00:55:00","00:55:05","68","223"
Running,2026-01-01 13:49:53,false,"São Silvestre dos Pobres 2026 ✅️ ","22,01","1.476","01:59:50","159","170","5,0","167","178","5:27","3:56","91","85","1,10","7,9","9,0","282","49,1% L / 50,9% R","5:26","--","--","316","0,0","--","312","481","--","--","--","19.800","--","--","-22","--","No","00:00:06,3","23","--","37","19","44","01:59:46","01:59:50","-6","10"
Running,2025-12-27 13:12:22,false,"Diemen Running","15,22","1.018","01:19:14","159","174","4,7","168","182","5:12","2:47","41","31","1,15","7,6","9,0","279","49,7% L / 50,3% R","5:12","--","--","318","0,0","--","316","652","--","--","--","13.114","--","--","-18","--","No","00:01:05,1","16","--","37","18","46","01:19:06","01:19:14","-10","9"
Virtual Cycling,2025-12-25 12:58:25,false,"Zwift - 3x20min SST Low on 2019 Worlds Harrogate Circuit in Yorkshire","40,56","772","01:45:35","135","160","3,6","--","--","23,0","79,9","715","--","--","--","--","--","--","--","74","89","137","0,0","157","127","272","--","--","--","--","--","--","--","--","No","00:00:21","9","--","--","--","--","01:45:31","01:46:21","97","183"
Strength Training,2025-12-22 18:13:57,false,"Strength","0,00","84","00:19:10","92","126","0,3","--","--","--","--","--","--","--","--","--","--","--","--","--","--","--","0,0","--","--","--","--","--","--","398","199","20","-1","--","No","00:19:10","1","--","--","--","--","00:09:25,4","00:19:10","--","--"
Strength Training,2025-12-21 13:16:18,false,"Strength","0,00","200","00:31:43","109","154","1,3","--","--","--","--","--","--","--","--","--","--","--","--","--","--","--","0,0","--","--","--","--","--","--","526","263","26","-3","--","No","00:31:43","1","--","--","--","--","00:16:51","00:31:43","--","--"
Virtual Cycling,2025-12-21 11:40:32,false,"Zwift - SST (Med) on Kappa Quest in Makuri Islands","29,48","658","01:25:15","148","165","3,5","--","--","20,7","63,2","495","--","--","--","--","--","--","--","77","98","141","0,0","150","134","324","--","--","--","--","--","--","--","--","No","00:00:14","18","--","--","--","--","01:25:13","01:25:14","101","223"
Walking,2025-12-20 14:32:10,false,"Diemen Walking","3,00","209","01:20:19","71","86","0,1","5","188","26:45","2:53","19","15","8,26","--","--","--","--","--","--","--","--","0,0","--","--","--","--","--","--","3.476","--","--","-5","--","No","00:00:03,6","4","--","--","--","--","00:32:25","01:20:19","-5","5"
Running,2025-12-17 13:44:18,false,"Diemen Running","10,04","640","00:47:48","162","175","4,3","168","182","4:46","4:00","40","33","1,25","7,2","9,3","271","50,4% L / 49,6% R","4:45","--","--","353","0,0","--","351","497","--","--","--","7.942","--","--","-11","--","No","00:00:11,3","11","--","38","28","46","00:47:44","00:47:48","-9","12"
Strength Training,2025-12-15 13:19:45,false,"Strength","0,00","121","00:22:37","101","147","0,6","--","--","--","--","--","--","--","--","--","--","--","--","--","--","--","0,0","--","--","--","--","--","--","492","246","24","-2","--","No","00:22:37","1","--","--","--","--","00:11:36","00:22:37","--","--"
Virtual Cycling,2025-12-15 11:48:43,false,"Zwift - 2015 on Figure 8 in Watopia","38,92","633","01:26:17","131","161","3,2","--","--","27,1","64,4","333","--","--","--","--","--","--","--","86","138","138","0,0","145","128","452","--","--","--","--","--","--","--","--","No","00:00:16","18","--","--","--","--","01:26:14","01:26:16","-6","58"
Running,2025-12-13 15:11:18,false,"Diemen Running","12,10","787","01:00:37","160","172","4,6","168","177","5:01","3:58","37","28","1,19","7,4","9,1","276","50,1% L / 49,9% R","5:00","--","--","332","0,0","--","330","500","--","--","--","10.056","--","--","-13","--","No","00:00:29,2","13","--","38","30","43","01:00:34","01:00:37","-9","7"
Running,2025-12-11 16:09:54,false,"Diemen Running","11,31","735","00:55:07","164","173","4,7","170","185","4:52","4:00","32","30","1,21","7,3","9,2","272","50,2% L / 49,8% R","4:52","--","--","343","0,0","--","341","452","--","--","--","9.238","--","--","-11","--","No","00:01:28,0","12","--","38","17","44","00:55:05","00:55:07","-5","7"
Running,2025-12-09 12:52:19,false,"Diemen Running","7,24","481","00:36:30","163","171","3,9","167","176","5:02","4:34","23","18","1,19","7,7","9,3","280","50,2% L / 49,8% R","5:03","--","--","336","0,0","--","335","443","--","--","--","6.024","--","--","-7","--","No","00:01:09,4","8","--","37","17","44","00:36:28","00:36:30","-5","4"
Strength Training,2025-12-08 15:01:53,false,"Strength","0,00","121","00:26:00","93","140","0,7","--","--","--","--","--","--","--","--","--","--","--","--","--","--","--","0,0","--","--","--","--","--","--","480","240","24","-2","--","No","00:26:00","1","--","--","--","--","00:14:50","00:26:00","--","--"
Virtual Cycling,2025-12-08 13:56:46,false,"Zwift - 10/8/4min Threshold on Roule Ma Poule in France","25,49","454","01:01:20","138","169","3,1","--","--","24,9","56,9","227","--","--","--","--","--","--","--","82","117","141","0,0","149","129","355","--","--","--","--","--","--","--","--","No","00:00:19","32","--","--","--","--","01:01:16","01:01:19","10","121"
Running,2025-12-07 11:04:30,false,"Diemen Running","11,05","720","00:54:24","166","184","4,9","168","194","4:56","3:17","41","41","1,21","7,3","9,1","278","50,3% L / 49,7% R","4:56","--","--","335","0,0","--","331","558","--","--","--","9.004","--","--","-15","--","No","00:00:14,3","12","--","41","19","48","00:54:20","00:54:29","-5","11"
Walking,2025-12-05 12:51:49,false,"Diemen Walking","1,36","79","00:31:54","57","83","0,1","25","126","23:28","7:28","9","3","12,05","--","--","--","--","--","--","--","--","0,0","--","--","--","--","--","--","2.036","--","--","-2","--","No","00:07:02,8","2","--","--","--","--","00:19:42","00:31:54","-6","1"
Strength Training,2025-12-05 10:15:14,false,"Strength","0,00","162","00:24:05","113","149","1,2","--","--","--","--","--","--","--","--","--","--","--","--","--","--","--","0,0","--","--","--","--","--","--","494","247","24","-3","--","No","00:24:05","1","--","25","20","32","00:13:02","00:24:05","--","--"
Virtual Cycling,2025-12-05 09:30:16,false,"Zwift - Lionel Sanders  Red Day Workout on Hilly Route in Watopia","17,80","313","00:40:26","142","168","3,0","--","--","26,4","61,5","217","--","--","--","--","--","--","--","84","106","146","0,0","159","135","374","--","--","--","--","--","--","--","--","No","00:00:25","4","--","--","--","--","00:40:25","00:40:25","1","58"
Strength Training,2025-12-04 18:33:54,false,"Strength","0,00","142","00:31:40","94","133","0,5","--","--","--","--","--","--","--","--","--","--","--","--","--","--","--","0,0","--","--","--","--","--","--","470","235","24","-3","--","No","00:31:40","1","--","--","--","--","00:16:25","00:31:40","--","--"
Virtual Cycling,2025-12-02 11:36:08,false,"Zwift - #8 on Figure 8 in Watopia","26,31","392","01:00:29","134","166","3,0","--","--","26,1","67,4","215","--","--","--","--","--","--","--","87","123","136","0,0","134","113","411","--","--","--","--","--","--","--","--","No","00:00:28","23","--","--","--","--","01:00:25","01:00:28","-6","58"
Running,2025-11-30 15:23:10,false,"Diemen Running","17,03","1.132","01:25:41","163","176","5,0","166","178","5:02","3:37","63","61","1,20","7,5","9,3","279","49,9% L / 50,1% R","5:01","--","--","339","0,0","--","337","628","--","--","--","14.090","--","--","-19","--","No","00:00:08,2","18","--","39","19","44","01:25:37","01:25:41","-7","10"
Walking,2025-11-29 12:21:51,false,"Diemen Walking","1,64","105","00:44:41","59","83","0,1","48","158","27:11","4:53","11","5","0,79","--","--","--","--","--","--","--","--","0,0","--","--","--","--","--","--","2.532","--","--","-6","--","No","00:21:50","2","--","--","--","--","00:27:24","01:28:42","-2","6"
Running,2025-11-28 10:59:54,false,"Diemen Running","8,03","488","00:39:58","147","174","3,6","167","189","4:59","3:48","30","26","1,20","7,6","9,4","284","49,5% L / 50,5% R","5:00","--","--","345","0,0","--","343","554","--","--","--","6.594","--","--","-14","--","No","00:00:08,7","9","--","37","20","45","00:39:55","01:00:01","-6","6"
Pool Swim,2025-11-27 20:31:32,false,"Pool Swim","2.000","308","00:46:45","115","143","1,3","--","--","--:--","--","--","--","--","--","--","--","--","--","--","--","--","0,0","--","--","--","--","--","--","--","--","--","--","--","No","00:00:15","12","--","--","--","--","00:42:44","00:47:54","--","--"
Walking,2025-11-27 11:33:53,false,"Diemen Walking","1,61","109","00:36:48","70","93","0,2","33","187","22:50","8:07","9","2","1,68","--","--","--","--","--","--","--","--","0,0","--","--","--","--","--","--","2.100","--","--","-4","--","No","00:18:14","2","--","--","--","--","00:21:29","00:36:48","-2","8"
Virtual Cycling,2025-11-25 21:09:43,false,"Zwift - VO2 Max - 4x3 Ramps on 2018 Worlds Short Lap in Innsbruck","8,94","291","00:41:17","129","160","2,7","--","--","13,0","34,7","329","--","--","--","--","--","--","--","84","165","144","0,0","139","123","594","--","--","--","--","--","--","--","--","No","00:00:10","22","--","--","--","--","00:41:12","00:41:16","280","599"
Running,2025-11-24 18:08:38,false,"Diemen Running","10,05","660","00:51:33","156","170","3,9","168","176","5:08","4:33","53","43","1,16","7,8","9,4","282","50,8% L / 49,2% R","5:07","--","--","337","0,0","--","335","424","--","--","--","8.546","--","--","-9","--","No","00:00:16,0","11","--","37","32","43","00:51:31","00:51:33","-12","10"
Virtual Cycling,2025-11-23 16:57:19,false,"Zwift - 04. Power Surge on Cobbled Climbs in Richmond","17,79","319","00:43:17","142","161","2,9","--","--","24,7","65,1","238","--","--","--","--","--","--","--","91","117","137","0,0","140","128","308","--","--","--","--","--","--","--","--","No","00:00:15","20","--","--","--","--","00:43:09","00:43:16","4","55"
Virtual Cycling,2025-11-22 17:29:09,false,"Zwift - 3/3/2min VO2max on Chain Chomper in Makuri Islands","10,82","216","00:32:17","126","156","2,4","--","--","20,1","53,7","177","--","--","--","--","--","--","--","84","119","138","0,0","132","117","408","--","--","--","--","--","--","--","--","No","00:00:16","14","--","--","--","--","00:32:16","00:32:16","68","223"
Running,2025-11-21 12:45:49,false,"Diemen Running","10,24","703","00:55:25","155","166","3,8","166","177","5:25","4:55","43","34","1,11","8,0","9,1","283","49,3% L / 50,7% R","5:24","--","--","318","0,0","--","315","400","--","--","--","9.142","--","--","-10","--","No","00:01:12,2","11","--","36","18","42","00:55:23","00:55:25","-8","9"
Pool Swim,2025-11-17 10:53:01,false,"Pool Swim - w/ Swimming Bellies crew","2.000","238","00:45:36","99","119","0,4","--","--","2:17","1:58","--","--","--","--","--","--","--","--","--","--","--","0,0","--","--","--","947","46","21","--","--","--","--","--","No","00:00:00,3","3","--","--","--","--","00:45:35","00:52:05","--","--"
Running,2025-11-16 11:47:23,false,"Diemen Running","12,04","830","01:03:47","163","171","4,2","170","178","5:18","4:44","48","42","1,11","7,8","8,8","279","50,1% L / 49,9% R","5:17","--","--","322","0,0","--","320","409","--","--","--","10.710","--","--","-13","--","No","00:00:14,2","13","--","38","18","45","01:03:44","01:03:47","-7","10"
Walking,2025-11-15 16:55:43,false,"Diemen Walking","4,06","252","01:18:35","68","89","0,1","78","156","19:20","5:57","25","18","0,66","--","--","--","--","--","--","--","--","0,0","--","--","--","--","--","--","6.672","--","--","-7","--","No","00:01:31,4","5","--","--","--","--","01:04:09","02:16:20","-6","8"
Running,2025-11-15 09:46:35,false,"Diemen Running","6,30","415","00:30:55","163","174","3,6","173","187","4:55","4:13","27","16","1,18","7,2","8,8","271","50,8% L / 49,2% R","4:54","--","--","352","0,0","--","349","430","--","--","--","5.290","--","--","-7","--","No","00:01:22,2","7","--","38","19","44","00:30:53","00:30:55","-12","6"
Running,2025-11-14 13:21:18,false,"Diemen Running","6,06","421","00:30:55","168","176","3,6","169","179","5:06","4:23","18","15","1,16","7,6","9,0","274","49,7% L / 50,3% R","5:06","--","--","454","0,0","--","360","3.970","--","--","--","5.166","--","--","-8","--","No","00:00:18,8","7","--","38","16","44","00:30:53","00:30:55","-7","6"
Walking,2025-11-12 19:33:56,false,"Diemen Walking","3,66","225","01:04:05","60","91","0,1","91","146","17:32","12:35","12","12","0,63","--","--","--","--","--","--","--","--","0,0","--","--","--","--","--","--","5.728","--","--","-4","--","No","00:12:51","4","--","--","--","--","01:01:20","01:04:05","-3","3"
Walking,2025-11-10 18:46:43,false,"Diemen Walking","3,06","191","00:57:06","68","88","0,1","81","115","18:39","10:57","14","8","0,66","--","--","--","--","--","--","--","--","0,0","--","--","--","--","--","--","4.694","--","--","-6","--","No","00:01:08,8","4","--","--","--","--","00:50:04","00:57:06","-7","4"
Walking,2025-11-09 16:24:58,false,"Diemen Walking","5,43","185","01:35:38","56","82","0,1","86","187","17:36","8:12","19","13","0,66","--","--","--","--","--","--","--","--","0,0","--","--","--","--","--","--","8.320","--","--","-4","--","No","00:06:29,3","6","--","--","--","--","01:24:52","01:35:38","-8","1"
Running,2025-11-08 12:42:19,false,"Diemen - Intervall Session/Speed Work 3x8","11,61","763","01:00:44","159","187","4,2","165","190","5:14","3:13","22","16","1,14","7,3","8,4","274","51,0% L / 49,0% R","5:13","--","--","331","0,0","--","307","523","--","--","--","9.936","--","--","-15","--","No","00:00:02,9","15","--","37","16","48","01:00:41","01:02:24","-6","4"
Strength Training,2025-11-06 19:35:19,false,"Strength","0,00","92","00:29:11","82","123","0,1","--","--","--","--","--","--","--","--","--","--","--","--","--","--","--","0,0","--","--","--","--","--","--","488","244","24","-1","--","No","00:29:11","1","--","--","--","--","00:11:58","00:29:11","--","--"
Walking,2025-11-06 18:28:00,false,"Diemen Walking","2,51","149","00:50:40","66","81","0,1","77","160","20:12","9:01","3","4","0,64","--","--","--","--","--","--","--","--","0,0","--","--","--","--","--","--","3.936","--","--","-2","--","No","00:11:34","3","--","--","--","--","00:46:05","00:50:40","-4","1"
Running,2025-11-05 19:13:13,false,"Amsterdam - Endurance Run","12,01","810","01:03:59","161","173","4,4","167","232","5:20","4:06","33","32","1,13","8,0","9,3","281","49,4% L / 50,6% R","5:19","--","--","316","0,0","--","315","463","--","--","--","10.546","--","--","-12","--","No","00:00:02,5","13","--","39","14","46","01:03:56","01:04:18","-1","7"
Running,2025-11-04 18:27:11,false,"Diemen - Intervall Session/Speed Work 6x4","11,81","797","01:00:18","167","185","4,7","170","186","5:06","3:35","38","40","1,15","7,7","8,9","274","50,0% L / 50,0% R","5:06","--","--","352","0,0","--","337","538","--","--","--","10.116","--","--","-15","--","No","00:00:04,6","24","--","39","20","46","01:00:14","01:00:18","-6","5"
Strength Training,2025-11-03 17:49:05,false,"Strength","0,00","125","00:29:16","92","135","0,4","--","--","--","--","--","--","--","--","--","--","--","--","--","--","--","0,0","--","--","--","--","--","--","342","171","16","-2","--","No","00:29:16","1","--","--","--","--","00:18:45","00:29:16","--","--"
Running,2025-11-03 15:22:41,false,"Diemen - Endurance Run","11,83","791","01:01:29","163","173","4,6","170","180","5:12","4:37","44","39","1,14","7,4","8,7","281","50,0% L / 50,0% R","5:11","--","--","321","0,0","--","319","442","--","--","--","10.338","--","--","-15","--","No","00:04:36,9","12","--","39","16","47","01:01:25","01:01:29","-5","8"
Running,2025-11-02 10:36:31,false,"Diemen - Long Run","16,05","1.042","01:23:05","161","171","5,0","169","178","5:11","4:29","33","29","1,15","7,8","9,2","279","50,9% L / 49,1% R","5:10","--","--","323","0,0","--","321","532","--","--","--","13.870","--","--","-18","--","No","00:00:14,7","17","--","38","13","45","01:23:01","01:23:05","-5","8"
Running,2025-11-01 09:27:05,false,"Diemen - Tempo Run","13,29","907","01:09:27","168","180","5,0","167","181","5:13","4:02","48","51","1,15","7,7","9,1","282","49,7% L / 50,3% R","5:14","--","--","325","0,0","--","321","477","--","--","--","11.476","--","--","-18","--","No","00:01:25,7","14","--","38","14","45","01:09:22","01:09:27","-3","10"
Strength Training,2025-10-30 17:37:48,false,"Strength","0,00","78","00:20:06","89","120","0,2","--","--","--","--","--","--","--","--","--","--","--","--","--","--","--","0,0","--","--","--","--","--","--","312","156","15","-1","--","No","00:20:06","1","--","--","--","--","00:07:27,7","00:20:06","--","--"
Running,2025-10-29 10:38:28,false,"Diemen - Endurance Run","12,04","830","01:07:52","160","173","4,3","167","180","5:38","4:18","38","33","1,06","8,3","9,1","284","50,3% L / 49,8% R","5:38","--","--","335","0,0","--","302","3.871","--","--","--","11.198","--","--","-15","--","No","00:00:12,9","13","--","37","15","43","01:07:49","01:07:52","-5","8"
Running,2025-10-28 17:02:58,false,"Diemen - Intervall Session/Speed Work 6x4","9,61","659","00:54:55","156","185","4,3","166","196","5:43","2:57","41","40","1,04","8,4","8,6","280","50,6% L / 49,4% R","5:42","--","--","334","0,0","--","295","594","--","--","--","8.968","--","--","-13","--","No","00:00:02,5","19","--","36","16","50","00:54:50","00:54:55","-4","10"
Strength Training,2025-10-27 21:28:22,false,"Strength","0,00","109","00:18:45","105","138","0,7","--","--","--","--","--","--","--","--","--","--","--","--","--","--","--","0,0","--","--","--","--","--","--","282","141","15","-1","--","No","00:18:45","1","--","--","--","--","00:10:03","00:18:45","--","--"
Virtual Cycling,2025-10-26 09:00:36,false,"Zwift - Group Ride: Zwift NL Weekend Warriors  (E) on France Classic Fondo in France","12,70","223","00:21:45","152","171","3,1","--","--","35,0","42,6","23","--","--","--","--","--","--","--","86","170","182","0,0","181","175","423","--","--","--","--","--","--","--","--","No","00:21:45","1","--","--","--","--","00:21:44","00:21:44","10","17"
Running,2025-10-25 16:57:58,false,"Amsterdam Running","1,98","136","00:10:45","162","174","2,8","169","226","5:26","4:03","19","19","1,10","7,8","8,4","290","50,2% L / 49,8% R","5:20","--","--","322","0,0","--","311","429","--","--","--","1.782","--","--","--","--","No","00:05:05,0","2","--","37","19","44","00:10:40","00:11:06","-6","14"
Running,2025-10-25 14:02:42,false,"Diemen Running","13,21","925","01:09:30","170","179","5,0","168","179","5:16","4:28","63","61","1,13","7,8","9,0","281","50,7% L / 49,3% R","5:14","--","--","327","0,0","--","323","460","--","--","--","11.566","--","--","-17","--","No","00:01:07,7","14","--","39","30","48","01:09:26","01:09:30","-5","16"
Virtual Cycling,2025-10-21 10:42:11,false,"Zwift - Escalating 3min VO2max on The Fan Flats in Richmond","25,30","377","00:52:19","136","171","3,0","--","--","29,0","43,8","98","--","--","--","--","--","--","--","74","94","144","0,0","138","125","318","--","--","--","--","--","--","--","--","No","00:00:18","21","--","--","--","--","00:52:18","00:52:18","52","65"
Running,2025-10-19 10:01:40,false,"Diemen Running","6,23","371","00:27:51","161","185","3,9","176","207","4:28","2:32","18","9","1,27","6,6","8,6","264","50,3% L / 49,8% R","4:29","--","--","376","0,0","--","376","758","--","--","--","4.832","--","--","-14","--","No","00:00:54,2","7","--","38","17","49","00:27:48","01:41:38","-5","7"
Virtual Cycling,2025-10-18 11:40:28,false,"Zwift - Free Ride Sandwich on London 8 in London","22,34","396","00:53:22","138","163","3,0","--","--","25,1","73,2","272","--","--","--","--","--","--","--","83","162","140","0,0","142","129","409","--","--","--","--","--","--","--","--","No","00:00:21","9","--","--","--","--","00:53:21","00:53:21","3","156"
Virtual Cycling,2025-10-17 11:54:39,false,"Zwift - Steady Climbing #1 on Volcano Flat in Watopia","26,09","386","00:54:17","145","167","3,0","--","--","28,8","44,0","104","--","--","--","--","--","--","--","78","163","133","0,0","137","123","333","--","--","--","--","--","--","--","--","No","00:00:16","16","--","--","--","--","00:54:16","00:54:16","-6","20"
Running,2025-10-15 08:45:17,false,"Diemen Running","5,72","368","00:26:39","170","183","4,2","174","183","4:40","3:42","10","6","1,23","6,8","8,6","274","50,3% L / 49,7% R","4:40","--","--","352","0,0","--","350","459","--","--","--","4.580","--","--","-7","--","No","00:03:07,6","6","--","40","20","47","00:26:37","00:26:39","-4","7"
Virtual Cycling,2025-10-15 07:34:01,false,"Zwift - 10/8/4min Threshold in Watopia","27,17","438","00:59:02","134","164","3,0","--","--","27,6","63,8","214","--","--","--","--","--","--","--","66","80","141","0,0","144","129","358","--","--","--","--","--","--","--","--","No","00:00:02","48","--","--","--","--","00:53:56","01:01:06","-6","58"
Virtual Cycling,2025-10-14 18:24:19,false,"Zwift - 10/8/4min Threshold on Suki s Playground in Makuri Islands","14,39","222","00:31:34","124","153","2,4","--","--","27,3","50,0","105","--","--","--","--","--","--","--","67","147","136","0,0","134","123","294","--","--","--","--","--","--","--","--","No","00:00:20","26","--","--","--","--","00:31:33","00:31:33","65","140"
Cycling,2025-10-09 15:14:56,false,"Aachen Cycling - CyberDavos 2025","19,23","409","01:31:28","97","133","1,2","--","--","12,6","25,7","114","106","--","--","--","--","--","--","--","--","--","0,0","--","--","--","--","--","--","--","--","--","-8","--","No","00:17:47","4","--","--","--","--","01:21:16","03:59:21","174","273"
Running,2025-10-04 12:18:24,false,"Diemen Running","5,33","350","00:24:54","172","183","3,8","172","183","4:40","4:08","53","42","1,24","7,2","9,2","270","50,6% L / 49,4% R","4:38","--","--","373","0,0","--","370","512","--","--","--","4.242","--","--","-7","--","No","00:01:27,4","6","--","39","17","49","00:24:53","00:24:54","-13","9"
Virtual Cycling,2025-10-04 10:56:01,false,"Zwift - Cruise Intervals #4 on 2018 Worlds Short Lap in Innsbruck","20,26","491","00:59:08","145","170","3,3","--","--","20,6","79,2","467","--","--","--","--","--","--","--","77","157","155","0,0","159","145","354","--","--","--","--","--","--","--","--","No","00:00:07","17","--","--","--","--","00:59:03","00:59:07","280","696"
Running,2025-09-28 10:02:15,false,"Diemen Running","8,02","541","00:42:06","155","169","3,6","171","189","5:15","4:50","15","15","1,11","7,8","8,9","274","50,3% L / 49,7% R","5:16","--","--","310","0,0","--","309","400","--","--","--","7.122","--","--","-11","--","No","00:00:06,2","9","--","37","18","42","00:42:03","00:42:06","-3","5"
Virtual Cycling,2025-09-21 10:00:44,false,"Zwift - Group Ride: Zwift NL Weekend Warriors  (E) on Sacre Bleu in France","31,31","517","01:00:02","145","171","3,3","--","--","31,3","48,9","196","--","--","--","--","--","--","--","85","165","162","0,0","176","149","411","--","--","--","--","--","--","--","--","No","01:00:02","1","--","--","--","--","01:00:01","01:00:01","10","34"
Virtual Cycling,2025-09-20 15:27:05,false,"Zwift - Micro Into Threshold on Beach Island Loop in Watopia","27,50","421","00:57:20","135","155","2,8","--","--","28,8","46,6","110","--","--","--","--","--","--","--","82","126","137","0,0","142","128","406","--","--","--","--","--","--","--","--","No","00:00:15","44","--","--","--","--","00:57:19","00:57:19","-6","16"
Virtual Cycling,2025-09-19 12:35:03,false,"Zwift - Threshold #4 on Jungle Circuit in Watopia","22,63","415","00:58:14","138","162","2,9","--","--","23,3","49,3","191","--","--","--","--","--","--","--","85","158","137","0,0","136","124","322","--","--","--","--","--","--","--","--","No","00:00:13","23","--","--","--","--","00:58:12","00:58:13","0","100"
Virtual Cycling,2025-09-18 13:20:03,false,"Zwift - Extensive Anaerobic #1 on Ocean Lava Cliffside Loop in Watopia","20,66","422","00:54:47","140","169","3,0","--","--","22,6","57,1","314","--","--","--","--","--","--","--","87","154","146","0,0","149","134","409","--","--","--","--","--","--","--","--","No","00:00:16","10","--","--","--","--","00:54:46","00:54:46","0","132"
Running,2025-09-13 14:25:47,false,"Almere Running","21,14","1.397","01:42:59","162","178","5,0","175","185","4:52","4:05","64","59","1,18","6,1","7,5","286","49,3% L / 50,7% R","4:52","--","--","318","0,0","--","317","427","--","--","--","17.814","--","--","-12","--","No","00:00:37,0","22","--","37","25","45","01:42:55","01:42:59","-8","2"
